{"cameraMode":{"drawMode":0,"name":"Shaded","section":"Shading Mode"},"sceneLighting":false,"audioPlay":false,"sceneViewState":{"showFog":true,"showMaterialUpdate":false,"showSkybox":true,"showFlares":true,"showImageEffects":true,"showParticleSystems":true},"in2DMode":false,"pivot":{"x":1.9563109874725342,"y":-1.402240514755249,"z":2.049661636352539},"rotation":{"x":-0.05724615231156349,"y":-0.1775352507829666,"z":0.010373306460678578,"w":-0.9823932647705078},"size":28.918731689453126,"orthographic":false}