{"cameraMode":{"drawMode":0,"name":"Shaded","section":"Shading Mode"},"sceneLighting":false,"audioPlay":false,"sceneViewState":{"showFog":true,"showMaterialUpdate":false,"showSkybox":true,"showFlares":true,"showImageEffects":true,"showParticleSystems":true},"in2DMode":false,"pivot":{"x":1.6495389938354493,"y":0.2800251841545105,"z":12.322905540466309},"rotation":{"x":-0.21366286277770997,"y":0.15459798276424409,"z":-0.034226760268211368,"w":-0.9639897346496582},"size":2.8578836917877199,"orthographic":false}