{"cameraMode":{"drawMode":0,"name":"Shaded","section":"Shading Mode"},"sceneLighting":false,"audioPlay":false,"sceneViewState":{"showFog":true,"showMaterialUpdate":false,"showSkybox":true,"showFlares":true,"showImageEffects":true,"showParticleSystems":true},"in2DMode":false,"pivot":{"x":0.22920666635036469,"y":0.18038123846054078,"z":0.01659243367612362},"rotation":{"x":0.0647929236292839,"y":-0.8875742554664612,"z":0.13170234858989716,"w":0.43665584921836855},"size":4.470393180847168,"orthographic":false}